ID,应用名称,下载链接,应用大小,发布公司
108048,王者荣耀,http://app.mi.com/download/108048,2079560KB,深圳市腾讯计算机系统有限公司
25940,地铁跑酷-猪猪侠联动,http://app.mi.com/download/25940,420318KB,深圳市创梦天地科技有限公司
547468,和平精英,http://app.mi.com/download/547468,2104093KB,深圳市腾讯计算机系统有限公司
393944,迷你世界,http://app.mi.com/download/393944,1146960KB,深圳市迷你玩科技有限公司
463427,我的世界-搬砖节,http://app.mi.com/download/463427,1509226KB,上海网之易吾世界网络科技有限公司
1339666,英雄联盟手游,http://app.mi.com/download/1339666,2105899KB,深圳市腾讯计算机系统有限公司
1452231,禅之消方块-羊羊消除,http://app.mi.com/download/1452231,57995KB,南京阿巴游网络科技有限公司
662234,逃跑吧！少年-蜡笔小新联动,http://app.mi.com/download/662234,1581305KB,深圳市抱一网络科技有限公司
819119,光&middot;遇,http://app.mi.com/download/819119,1742979KB,杭州网易雷火科技有限公司
421915,汤姆猫跑酷,http://app.mi.com/download/421915,130132KB,奥飞特七网络科技有限公司
813710,原神,http://app.mi.com/download/813710,341606KB,上海米哈游影铁科技有限公司
121542,穿越火线-枪战王者,http://app.mi.com/download/121542,2102755KB,深圳市腾讯计算机系统有限公司
786701,使命召唤手游,http://app.mi.com/download/786701,2069239KB,深圳市腾讯计算机系统有限公司
463380,QQ飞车手游,http://app.mi.com/download/463380,2127124KB,深圳市腾讯计算机系统有限公司
1307018,蛋仔派对,http://app.mi.com/download/1307018,2104458KB,杭州网易雷火科技有限公司
1393755,金铲铲之战,http://app.mi.com/download/1393755,2104869KB,深圳市腾讯计算机系统有限公司
445803,贪吃蛇大作战-第2届贪吃节,http://app.mi.com/download/445803,776083KB,武汉微派网络科技有限公司
1400770,暗区突围,http://app.mi.com/download/1400770,1898783KB,深圳市腾讯计算机系统有限公司
48522,植物大战僵尸2新玩法,http://app.mi.com/download/48522,1247703KB,拓维信息系统股份有限公司
450665,元气骑士-粽粽大作战,http://app.mi.com/download/450665,492224KB,重庆秉臻网络科技有限公司
165428,火影忍者,http://app.mi.com/download/165428,1589441KB,深圳市腾讯计算机系统有限公司
58634,开心消消乐,http://app.mi.com/download/58634,440915KB,乐元素科技（北京）股份有限公司
1502487,弹壳特攻队,http://app.mi.com/download/1502487,559737KB,上海乐钻科技有限公司
1521140,恐惧迷宫,http://app.mi.com/download/1521140,49261KB,海南星空跳动科技有限公司
1504579,我的狗狗,http://app.mi.com/download/1504579,56645KB,广州卓讯互动信息技术有限公司
623587,猫和老鼠,http://app.mi.com/download/623587,1358375KB,杭州网易雷火科技有限公司
537978,第五人格,http://app.mi.com/download/537978,2071212KB,杭州网易雷火科技有限公司
1502490,小米斗地主-春天,http://app.mi.com/download/1502490,342012KB,北京瓦力网络科技有限公司
509823,狼人杀,http://app.mi.com/download/509823,583249KB,杭州网易雷火科技有限公司
263189,部落冲突账号绑定工具,http://app.mi.com/download/263189,304456KB,北京昆仑乐享网络技术有限公司
569773,欢喜斗地主-欢乐玩牌大师,http://app.mi.com/download/569773,302783KB,深圳市其乐游戏科技有限公司
25446,JJ斗地主,http://app.mi.com/download/25446,646412KB,竞技世界（北京）网络技术有限公司
1036546,曙光英雄-24年S2赛季,http://app.mi.com/download/1036546,1839498KB,竞技世界（北京）网络技术有限公司
1450699,猛鬼宿舍,http://app.mi.com/download/1450699,75689KB,北京蜜獾工坊娱乐文化有限公司
1492394,明星化妆师-美妆达人模拟,http://app.mi.com/download/1492394,125363KB,武汉昀路安洋信息技术有限公司
1520210,修仙模拟器-功德木鱼,http://app.mi.com/download/1520210,39460KB,厦门阿里复兴网络科技有限公司
21629,神庙逃亡2-勇闯夜市版,http://app.mi.com/download/21629,144223KB,深圳市创梦天地科技有限公司
106432,三国杀,http://app.mi.com/download/106432,1240763KB,杭州游卡网络技术有限公司
737417,我的汤姆猫2,http://app.mi.com/download/737417,133567KB,奥飞特七网络科技有限公司
1391311,小小蚁国-送极品蚂蚁,http://app.mi.com/download/1391311,220801KB,安徽三七网络科技有限公司
75420,天天象棋（五子棋）,http://app.mi.com/download/75420,125294KB,深圳市腾讯计算机系统有限公司
1506751,钢琴块2,http://app.mi.com/download/1506751,87555KB,海南米麦科技有限公司
509623,荒野行动-S35天顶之星,http://app.mi.com/download/509623,1937334KB,杭州网易雷火科技有限公司
1378073,绿茵信仰-燃烧一夏,http://app.mi.com/download/1378073,1946278KB,杭州网易雷火科技有限公司
1419096,解压神器2-双人对战,http://app.mi.com/download/1419096,37768KB,北京移信互动科技有限公司
1356830,途游斗地主（比赛版）-11周年庆,http://app.mi.com/download/1356830,428471KB,在线途游（北京）科技有限公司
274913,葫芦娃,http://app.mi.com/download/274913,1492429KB,锐战科技（上海）有限公司
507097,象棋,http://app.mi.com/download/507097,107973KB,武汉市多比特信息科技有限公司
630604,明日之后,http://app.mi.com/download/630604,2073103KB,杭州网易雷火科技有限公司
365301,欢乐真人麻将,http://app.mi.com/download/365301,108590KB,海南创跃科技有限公司
793914,三国志&middot;战略版-亿万玩家庆典,http://app.mi.com/download/793914,1156881KB,广州灵犀互动娱乐有限公司
1082910,王牌竞速,http://app.mi.com/download/1082910,2051023KB,杭州网易雷火科技有限公司
1033673,九灵神域-每日寻宝独家仙侠手游,http://app.mi.com/download/1033673,723451KB,广州乐牛软件科技有限公司
1327414,斗罗大陆：魂师对决-魂师无限抽,http://app.mi.com/download/1327414,1627085KB,海南智虎网络科技有限公司
1465503,猜猜我是谁,http://app.mi.com/download/1465503,92299KB,北京英特耐雄尔科技有限公司
923670,哈利波特：魔法觉醒,http://app.mi.com/download/923670,1938628KB,杭州网易雷火科技有限公司
812344,汤姆猫英雄跑酷,http://app.mi.com/download/812344,133620KB,奥飞特七网络科技有限公司
649733,忍者必须死3-溪谷幽蔷,http://app.mi.com/download/649733,1893478KB,杭州炎魂网络科技有限公司
1505347,我的煎饼摊,http://app.mi.com/download/1505347,42682KB,长沙游趣罐头网络科技有限公司
1404144,英雄联盟电竞经理,http://app.mi.com/download/1404144,2023681KB,深圳市腾讯计算机系统有限公司
1518204,别惹农夫,http://app.mi.com/download/1518204,74754KB,海南土狼网络科技有限公司
1368969,我的安吉拉2,http://app.mi.com/download/1368969,183003KB,奥飞特七网络科技有限公司
1387608,我的农场,http://app.mi.com/download/1387608,118426KB,深圳神兽互动科技有限公司
453243,斗地主比赛-真人版,http://app.mi.com/download/453243,330776KB,海南数智云投网络科技有限公司
564028,奥特曼传奇英雄,http://app.mi.com/download/564028,871228KB,安徽畅乐互娱信息技术有限公司
1011916,光与夜之恋,http://app.mi.com/download/1011916,1701628KB,腾讯计算机系统有限公司
23867,保卫萝卜,http://app.mi.com/download/23867,84242KB,北京凯罗天下科技有限公司
468349,最强NBA,http://app.mi.com/download/468349,1526140KB,深圳市腾讯计算机系统有限公司
507974,五子棋,http://app.mi.com/download/507974,117279KB,武汉市多比特信息科技有限公司
801638,狂野飙车9：竞速传奇,http://app.mi.com/download/801638,-1220900KB,广州爱九游信息技术有限公司
80466,滑雪大冒险,http://app.mi.com/download/80466,83051KB,北京游道易网络文化有限公司
1410299,火柴人王者,http://app.mi.com/download/1410299,130928KB,北京旭振科技有限责任公司
1399620,节奏音乐大师-节奏钢琴音乐音符,http://app.mi.com/download/1399620,127416KB,武汉宝乐佳信息科技有限公司
48217,天天酷跑,http://app.mi.com/download/48217,946895KB,深圳市腾讯计算机系统有限公司
853652,多乐麻将,http://app.mi.com/download/853652,283315KB,北京蓝色创想网络科技有限责任公司
1233126,指尖四川麻将-功夫麻将,http://app.mi.com/download/1233126,1269546KB,深圳市禅游科技股份有限公司
430981,崩坏3-伐罪逐影,http://app.mi.com/download/430981,601474KB,上海米哈游影铁科技有限公司
1449900,大空杀冲冲冲,http://app.mi.com/download/1449900,217635KB,北京米粒互娱科技有限公司
642561,斗地主经典版,http://app.mi.com/download/642561,158105KB,沈阳纵艺科技有限公司
1501367,滚动的天空,http://app.mi.com/download/1501367,419422KB,海南米麦科技有限公司
395801,阴阳师-SSR猫川降临,http://app.mi.com/download/395801,2107667KB,杭州网易雷火科技有限公司
537094,罗斯方块-俄罗斯方块经典玩法,http://app.mi.com/download/537094,57001KB,武汉市多比特信息科技有限公司
1445737,二人迷你游戏-解压宝盒,http://app.mi.com/download/1445737,74729KB,广州池骋网络科技有限公司
96929,纪念碑谷,http://app.mi.com/download/96929,158908KB,深圳市创梦天地科技有限公司
1208914,航海王热血航线,http://app.mi.com/download/1208914,1702915KB,北京朝夕光年信息技术有限公司
1375763,全民学霸,http://app.mi.com/download/1375763,39145KB,上海咕么信息科技有限公司
1397722,全民烧脑新版,http://app.mi.com/download/1397722,70994KB,广州卓讯互动信息技术有限公司
1403458,保卫萝卜4,http://app.mi.com/download/1403458,1399014KB,北京凯罗天下科技有限公司
